movieCd,movieNm,director,naver_movieCd,ntz_see_score,spc_score,ntz_score
20168323,염력,연상호,153651.0,6.21,6.0,4.99
20176104,그것만이 내 세상,최성현,158180.0,9.17,5.2,8.91
20178126,인시디어스4: 라스트 키,애덤 로비텔,158647.0,7.32,5.33,6.85
20179985,코코,리 언크리치,151728.0,9.2,8.0,9.25
20175054,메이즈 러너: 데스 큐어,웨스 볼,149248.0,8.16,5.0,7.85
20178395,12 솔져스,니콜라이 퓰시,168037.0,9.66,5.0,8.14
20170590,1987,장준환,158191.0,9.31,8.08,9.24
20179228,마야2,노엘 클리어리,172009.0,9.14,6.0,9.36
20179205,조선명탐정: 흡혈괴마의 비밀,김석윤,165748.0,7.52,5.17,6.63
20178469,올 더 머니,리들리 스콧,163842.0,8.52,7.0,7.96
19980074,타이타닉,제임스 카메론,18847.0,9.86,9.33,9.32
20189901,더 포리너,마틴 캠벨,165791.0,9.5,5.67,7.75
20178672,패딩턴 2,폴 킹,146489.0,9.13,7.67,9.12
20170841,리틀 포레스트,임순례,154449.0,9.01,6.36,8.76
20170561,블랙 팬서,라이언 쿠글러,137326.0,8.33,6.67,7.51
20168250,골든슬럼버,노동석,158112.0,6.29,5.0,5.25
20078561,명탐정 코난:감벽의 관,야마모토 야스이치로,66725.0,8.59,5.0,8.42
20179462,위대한 쇼맨,마이클 그레이시,106360.0,9.29,6.6,9.38
20164844,불한당: 나쁜 놈들의 세상,변성현,154112.0,8.15,5.83,6.21
20177946,월요일이 사라졌다,토미 위르콜라,118955.0,8.5,5.25,8.32
20180542,50가지 그림자: 해방,제임스 폴리,154598.0,8.37,2.67,7.95
20173436,셰이프 오브 워터: 사랑의 모양,기예르모 델 토로,158626.0,8.68,8.18,8.36
20189882,반딧불이 딘딘,등위봉,171767.0,7.78,6.0,7.9
20150969,궁합,홍창표,141206.0,7.49,4.0,6.48
20179731,나미야 잡화점의 기적,히로키 류이치,159862.0,7.66,5.75,7.34
20180341,레드 스패로,프란시스 로렌스,151744.0,8.54,5.33,8.55
20189861,더 포스트,스티븐 스필버그,159848.0,8.81,7.63,8.76
20189663,게이트,신재호,172005.0,9.05,3.0,3.66
20170402,강철비,양우석,155665.0,8.73,7.18,8.34
20174965,극장판 포켓몬스터 너로 정했다!,유야마 쿠니히코,165722.0,8.91,6.0,8.85
20176082,몬스터 패밀리,호거 태프,163844.0,8.31,6.0,8.33
20176947,원더,스티븐 크보스키,151196.0,9.43,6.86,9.42
20174846,뽀로로 극장판 공룡섬 대모험,김현호,169349.0,9.21,0.0,9.17
20177479,극장판 프리파라 모두의 동경♪ 렛츠고☆프리파리,모리와키 마코토,168501.0,8.25,4.0,8.14
20170443,스타워즈: 라스트 제다이,라이언 존슨,125488.0,7.8,7.71,6.59
20171909,쥬만지: 새로운 세계,제이크 캐스단,152656.0,8.44,5.33,7.91
20177104,페르디난드,카를로스 살다나,160491.0,8.97,6.33,8.89
20161872,너의 이름은.,신카이 마코토,150198.0,9.02,7.55,8.75
20173547,다운사이징,알렉산더 페인,142272.0,5.82,6.13,5.3
20177602,"쏘아올린 불꽃, 밑에서 볼까? 옆에서 볼까?",신보 아키유키,165030.0,6.87,5.0,6.79
20179286,하이큐!! 콘셉트의 싸움,미츠나카 스스무,171753.0,9.5,0.0,8.71
20178228,다키스트 아워,조 라이트,150687.0,9.16,6.38,9.15
20178808,주문은 토끼입니까?? ~디어 마이 시스터~,하시모토 히로유키,170427.0,8.47,3.0,4.59
20173662,리틀 뱀파이어,리처드 클라우스,144381.0,8.38,5.0,8.19
20178230,커뮤터,자움 콜렛 세라,152249.0,8.78,5.57,8.11
20168161,1급기밀,홍기선,149504.0,8.86,5.86,8.86
20177473,비밥바룰라,이성재,151254.0,9.23,5.0,8.98
20178444,극장판 레이디버그: 미라클스톤의 비밀,토마스 아스트뤽,171727.0,8.96,0.0,9.43
20165748,꾼,장창원,152385.0,8.32,4.4,7.63
20173581,기억의 밤,장항준,160399.0,8.41,5.67,8.16
20178581,오리엔트 특급 살인,케네스 브래너,154272.0,7.87,5.88,8.02
20161762,반드시 잡는다,김홍선,155411.0,8.12,6.5,7.51
20040695,이프 온리,길 정거,39440.0,9.24,6.0,9.08
20168221,저스티스 리그,잭 스나이더,116866.0,7.9,5.83,7.74
20179942,러빙 빈센트,도로타 코비엘라,144379.0,9.17,7.5,9.21
20175121,토르: 라그나로크,타이카 와이티티,134898.0,9.02,6.13,8.83
20174622,해피 데스데이,크리스토퍼 랜던,164932.0,8.32,0.0,8.22
20080349,버킷 리스트:죽기전에 꼭 하고싶은것들,롭 라이너,69102.0,0.0,5.5,9.07
20175223,래빗 스쿨,우테 폰 뮌쇼폴,166008.0,8.56,0.0,8.83
20174073,빅 배드 폭스,벤자민 레너,166807.0,9.05,7.0,8.82
20170272,산상수훈,유영의,164335.0,8.41,3.0,6.68
20175441,채비,조영준,162932.0,8.81,5.0,8.73
20175903,은혼,후쿠다 유이치,154594.0,8.52,0.0,7.29
20174585,메리와 마녀의 꽃,요네바야시 히로마사,159037.0,7.92,5.83,7.1
20173693,어쌔신: 더 비기닝,마이클 쿠에스타,100205.0,8.06,5.5,6.93
20167904,라라랜드,데이미언 셔젤,134963.0,8.9,8.34,8.59
20175481,튤립 피버,저스틴 채드윅,125418.0,7.7,5.33,7.34
20000067,러브레터,이와이 슌지,19031.0,9.43,8.63,9.11
20030404,러브 액츄얼리,리차드 커티스,36843.0,9.22,7.0,8.97
20176022,더 크리스마스,티모시 렉카트,168478.0,8.75,7.0,8.87
20176049,패터슨,짐 자무쉬,144975.0,8.51,8.2,8.32
20172742,범죄도시,강윤성,161242.0,9.28,6.0,9.14
20171024,너의 췌장을 먹고 싶어,츠키카와 쇼,159830.0,8.36,5.29,8.05
20173694,지오스톰,딘 데블린,129095.0,8.11,5.5,7.45
20164424,대장 김창수,이원태,154353.0,8.46,4.67,6.91
20070454,원스,존 카니,65998.0,9.17,7.5,8.99
20165450,남한산성,황동혁,150637.0,8.17,7.5,8.05
20176767,"나는 내일, 어제의 너와 만난다",미키 타카히로,157178.0,8.44,6.0,8.81
20174142,아이 캔 스피크,김현석,161850.0,9.23,7.25,9.36
20175208,뷰티풀 투모로우,장재혁,169561.0,0.0,0.0,9.29
20172603,부라더,장유정,160749.0,7.83,5.8,7.27
20169643,침묵,정지우,153642.0,8.25,6.09,7.78
20173724,직쏘,피터 스피어이그,152268.0,0.0,4.0,7.27
20173806,노 게임 노 라이프 -제로-,이시즈카 아츠코,164968.0,8.0,0.0,7.14
20173612,메소드,방은진,165669.0,8.08,4.83,8.25
20177342,내게 남은 사랑을,진광교,164108.0,8.67,5.0,8.17
20174902,신서유기 : 몽키킹의 부활,텐 샤오펑,143250.0,8.6,0.0,7.28
20171817,넛잡 2,캘런 브런커,121052.0,8.63,5.0,8.78
20161681,미옥,이안규,142317.0,6.99,4.33,4.99
20173804,배드 지니어스,나타우트 푼프리야,163386.0,8.76,6.4,8.61
20173931,리빙보이 인 뉴욕,마크 웹,99093.0,8.19,5.17,7.47
20175244,극장판 파워레인저: 애니멀포스 VS 닌자포스 미래에서 온 메시지 ,타케모토 노보루,158576.0,8.76,0.0,8.66
20168754,7호실,이용승,155715.0,7.12,6.43,6.55
20175611,페이트 스테이 나이트 헤븐즈필 제1장 프레시지 플라워,스도 토모노리,169262.0,9.18,0.0,7.01
20174222,키드냅,루이스 프리에토,164986.0,10.0,5.5,6.91
20173903,역모-반란의 시대,김홍선,142210.0,6.67,3.33,3.84
20174778,하이큐!! 재능과 센스,미츠나카 스스무,169348.0,9.56,0.0,9.2
20175288,피터와 모글리의 크리스마스 어드벤처,타파스 차크라바르티,169850.0,7.4,0.0,7.05
20175222,킹스맨: 골든 서클,매튜 본,149747.0,8.61,5.0,8.39
20172142,극장판 요괴워치: 하늘을 나는 고래와 더블세계다냥!,우시로 신지,156200.0,8.59,5.0,8.31
20170364,레고 닌자고 무비,찰리 빈,125439.0,8.7,4.0,8.43
20154909,살인자의 기억법,원신연,137890.0,8.17,5.78,7.69
20171962,킬러의 보디가드,패트릭 휴즈,152625.0,9.1,5.6,8.39
20171090,베이비 드라이버,에드가 라이트,143402.0,8.41,7.67,8.01
20172627,리틀 프린세스 소피아 : 신비한 섬,제이미 미첼,161374.0,8.73,0.0,8.69
20173945,인비저블 게스트,오리올 파울로,159516.0,8.84,6.5,8.94
20166132,김광석,이상호,151674.0,8.9,6.0,8.73
20170964,딥,줄리오 소토 거피드,163663.0,7.99,0.0,8.08
20168282,블레이드 러너 2049,드니 빌뇌브,88227.0,8.21,8.22,7.97
20154907,희생부활자,곽경택,140696.0,6.62,5.17,6.09
20171312,우리의 20세기,마이크 밀스,143390.0,8.42,6.75,8.25
20173092,어메이징 메리,마크 웹,143469.0,9.09,0.0,9.19
20169463,다시 태어나도 우리,전진,154573.0,9.26,6.5,9.35
20172942,나의 엔젤,해리 클레븐,162200.0,8.08,7.0,8.23
20175943,주키퍼스 와이프,니키 카로,143489.0,8.58,6.0,8.37
20158047,발레리안: 천 개 행성의 도시,뤽 베송,137970.0,8.11,5.56,7.8
20172064,마더!,대런 아로노프스키,152650.0,7.19,7.25,5.99
20176761,잠깐만 회사 좀 관두고 올게,나루시마 이즈루,159741.0,8.21,6.0,8.12
20164481,유리정원,신수원,149517.0,8.18,6.0,6.94
20174103,배저로와 친구들: 신비한 모험,룬 스파안스,162113.0,6.91,0.0,7.1
20162442,청년경찰,김주환,153652.0,9.03,5.1,8.33
20162869,택시운전사,장훈,146469.0,9.28,6.09,9.04
20164174,브이아이피,박훈정,152170.0,6.87,5.0,6.51
20179491,아토믹 블론드,데이빗 레이치,144215.0,8.05,6.43,7.89
20151003,장산범,허정,137696.0,7.42,5.8,6.16
20179407,로마의 휴일,이덕희,155680.0,7.68,3.0,6.79
20179901,혹성탈출: 종의 전쟁,맷 리브스,143394.0,8.15,7.75,7.92
20179187,공범자들,최승호,165461.0,9.61,6.44,9.13
20179696,그것,안드레스 무시에티,154668.0,7.66,6.6,6.96
20170268,매혹당한 사람들,소피아 코폴라,154267.0,7.77,7.0,6.84
20171022,극장판 에그엔젤 코코밍: 푸르밍과 두근두근 코코밍 세계,닛타 노리오,167035.0,0.0,0.0,8.03
20171923,저수지 게임,최진성,162824.0,9.69,6.67,9.2
20172148,몬스터 섬의 비밀,레오폴도 아귈라,167103.0,8.25,0.0,7.87
20160703,"좋아해, 너를",이마이즈미 리키야,144213.0,8.25,4.5,8.48
20177541,아메리칸 메이드,더그 라이만,137945.0,7.71,6.67,7.72
20170607,몬스터 콜,후안 안토니오 바요나,125401.0,8.59,6.88,8.57
20170302,윈드 리버,테일러 쉐리던,149757.0,8.52,7.33,8.52
20161481,군함도,류승완,146506.0,7.34,6.17,5.28
20168241,잃어버린 도시 Z,제임스 그레이,70627.0,7.06,6.83,7.06
20173403,슈퍼배드 3,피에르 꼬팽,132626.0,8.76,5.0,8.69
20164621,덩케르크,크리스토퍼 놀란,146480.0,8.62,8.55,8.29
20167303,스파이더맨: 홈 커밍,존 와츠,135874.0,8.83,7.0,8.38
20178321,극장판 짱구는 못말려 : 습격!! 외계인 덩덩이,하시모토 마사카즈,156477.0,8.67,0.0,8.65
20174801,내 사랑,에이슬링 월쉬,154437.0,9.17,6.71,9.17
20177181,47 미터,조하네스 로버츠,152616.0,7.33,4.0,7.24
20177501,플립,롭 라이너,76309.0,9.12,6.0,9.2
20175522,카3: 새로운 도전,브라이언 피,152396.0,8.62,5.5,8.51
20170124,명탐정 코난:진홍의 연가,시즈노 코분,159054.0,8.9,6.0,8.8
20179186,이모티: 더 무비,토니 레온디스,158651.0,7.64,7.0,6.34
20161081,애나벨 : 인형의 주인,데이비드 F. 샌드버그,152341.0,7.59,7.0,7.29
20178762,파리로 가는 길,엘레노어 코폴라,154458.0,8.12,5.17,7.9
20178641,빅풋 주니어,제레미 드그루손,165025.0,8.82,0.0,8.87
20179085,극장판 도라에몽: 진구의 남극 꽁꽁 대모험,다카하시 아츠시,141675.0,8.95,0.0,9.04
20170022,다크타워: 희망의 탑,니콜라이 아르셀,146407.0,7.38,4.25,7.35
20165001,더 테이블,김종관,151117.0,8.32,5.5,7.98
20170389,극장판 위 베어 베어스: 곰 브라더스,매니 에르난데스,166083.0,7.65,0.0,7.55
20178982,박열,이준익,155716.0,8.48,6.7,8.09
20166967,트랜스포머: 최후의 기사,마이클 베이,123630.0,6.9,2.83,6.3
20159647,리얼,이사랑,137008.0,4.42,2.67,4.24
20158485,옥자,봉준호,143435.0,8.77,7.33,8.45
20166488,미이라,알렉스 커츠먼,120160.0,7.49,5.71,7.24
20166384,하루,조선호,152168.0,7.69,4.6,7.08
20176961,지랄발광 17세,켈리 프레몬,149776.0,0.0,6.4,7.94
20162343,악녀,정병길,155256.0,7.82,5.4,6.95
20178121,부니베어: 로거빅 컴백홈 프로젝트,정량,164342.0,6.56,0.0,6.77
20020186,헤드윅,존 카메론 밋첼,31827.0,9.46,0.0,9.2
20174602,노무현입니다,이창재,162173.0,9.49,6.67,8.93
20176102,그 후,홍상수,162956.0,7.99,7.0,6.43
20176511,베를린 신드롬,케이트 쇼트랜드,158864.0,4.8,4.5,6.01
20176741,꼬마참새 리차드: 아프리카 원정대,토비 젠켈,160464.0,8.71,0.0,8.71
20177202,토마스와 친구들: 수수께끼 해적선과 보물찾기,데이비드 스토튼,148994.0,7.88,6.0,7.83
20081056,다크 나이트,크리스토퍼 놀란,62586.0,10.0,8.7,9.33
20177761,오즈: 신기한 마법가루,블라디미르 토로프킨,165029.0,7.58,0.0,7.69
20176562,예수는 역사다,존 건,158910.0,9.04,4.0,7.69
20176781,내가 죽기 전에 가장 듣고 싶은 말,마크 펠링톤,142634.0,0.0,5.33,8.46
20177701,위시 어폰,존 R. 레오네티,154262.0,7.63,3.5,7.19
20178646,송 투 송,테렌스 맬릭,114268.0,5.71,5.0,6.61
20168261,원더 우먼,팻티 젠킨스,125473.0,8.24,6.7,7.69
20169348,대립군,정윤철,149221.0,7.59,6.5,7.29
20170982,캐리비안의 해적: 죽은 자는 말이 없다,에스펜 샌버그,82473.0,8.58,5.2,8.29
20175262,겟 아웃,조던 필,156083.0,8.44,7.14,8.24
20174803,7번째 내가 죽던 날,라이 루소 영,144988.0,8.65,4.67,7.56
20162629,하이큐!! 끝과 시작,미츠나카 스스무,140803.0,9.11,0.0,8.91
20173642,너와 100번째 사랑,츠키카와 쇼,156417.0,8.48,4.67,7.95
20176141,베이블레이드 버스트 갓 : 갓 발키리의 탄생,야마구치 켄타로,163027.0,0.0,0.0,7.46
20174061,보스 베이비,톰 맥그라스,129094.0,8.84,5.2,8.67
20174821,바다 탐험대 옥토넛 시즌4: 더 파이널,다라 오코넬,160964.0,8.38,0.0,8.32
20175581,파워배틀 와치카: 와치가면의 역습,이영준,162933.0,8.49,4.0,8.42
20160483,꿈의 제인,조현훈,154980.0,8.88,7.0,8.6
20173833,심야식당 2,마츠오카 조지,156091.0,8.8,5.67,8.58
20175142,극장판 쿠로코의 농구 라스트 게임,타다 슌스케,156185.0,9.55,0.0,9.16
20168041,용순,신준,154508.0,8.04,5.67,6.81
20175423,나의 붉은고래,양선,152309.0,7.59,5.5,5.82
20175662,엘르,폴 버호벤,147067.0,8.35,8.09,7.79
20172241,꼬마돼지 베이브의 대모험,테레사 스트로젝,159521.0,7.81,0.0,7.63
20176201,더 서클,제임스 폰솔트,143099.0,0.0,3.67,7.05
20175982,다크 하우스,대런 린 보우즈만,141184.0,5.82,2.33,5.44
20040526,첫키스만 50번째,피터 시걸,38227.0,9.21,6.0,9.21
20161726,임금님의 사건수첩,문현성,144280.0,8.05,5.63,7.72
20162871,특별시민,박인제,146485.0,7.74,5.91,7.39
20167542,분노의 질주: 더 익스트림,F. 게리 그레이,140731.0,9.18,6.0,8.97
20161665,스머프: 비밀의 숲,캘리 애스버리,118966.0,8.61,7.0,8.58
20174165,극장판 또봇: 로봇군단의 습격,고동우,161847.0,0.0,6.0,9.3
20164721,미녀와 야수,빌 콘돈,136872.0,8.99,7.0,8.79
20151227,아빠는 딸,김형협,143473.0,8.56,4.0,8.07
20173301,"서서평, 천천히 평온하게",홍주연,160135.0,9.41,5.5,9.21
20164829,나는 부정한다,믹 잭슨,144984.0,8.53,6.14,8.48
20172541,오두막,스튜어트 하젤딘,125447.0,9.13,4.0,8.55
20163603,가디언즈 오브 갤럭시 VOL. 2,제임스 건,127398.0,9.05,6.25,8.93
20162722,보안관,김형주,146524.0,8.26,5.89,7.89
20173061,슈퍼 빼꼼: 스파이 대작전,임아론,94183.0,8.15,4.5,8.36
20170321,목소리의 형태,야마다 나오코,153964.0,8.74,7.6,8.42
20156708,석조저택 살인사건,정식,127346.0,8.22,4.67,7.28
20163185,언노운 걸,장 피에르 다르덴,150372.0,8.17,7.0,7.87
20179382,에이리언: 커버넌트,리들리 스콧,99715.0,8.19,7.11,8.13
20173961,킹 아서: 제왕의 검,가이 리치,127374.0,8.11,5.25,7.78
20174721,로스트 인 파리,도미니크 아벨,156259.0,8.07,6.0,7.94
20174644,길,정인봉,158536.0,8.38,4.5,8.13
20162181,프리즌,나현,146517.0,8.25,6.0,7.58
20163194,공각기동대 : 고스트 인 더 쉘,루퍼트 샌더스,134838.0,7.27,5.14,6.96
20151230,원라인,양경모,142699.0,8.68,5.71,8.17
20167363,히든 피겨스,데오도르 멜피,147092.0,9.36,6.75,9.35
20167902,보통사람,김봉한,152331.0,8.5,5.86,7.95
20167005,데스노트: 더 뉴 월드,사토 신스케,142324.0,7.51,6.0,5.0
20167364,미스 슬로운,존 매든,142632.0,9.32,6.83,9.28
20171661,아기돼지 3형제와 매직램프,유위,160720.0,7.53,6.0,7.02
20179442,밤의 해변에서 혼자,홍상수,156465.0,7.62,7.63,5.66
20171801,극장판 암살교실 : 365일의 시간,키시 세이지,160750.0,8.72,0.0,8.47
20171381,라이프,다니엘 에스피노사,152633.0,7.82,5.67,7.22
20167901,어느날,이윤기,146544.0,8.32,6.0,7.69
20161923,시간위의 집,임대웅,154214.0,8.36,4.71,7.59
20171781,패트리어트 데이,피터 버그,149731.0,8.89,5.0,8.81
20173444,링스,하비에르 구티에레즈,137909.0,0.0,0.0,4.9
20040525,패션 오브 크라이스트,멜 깁슨,38197.0,0.0,0.0,8.6
20170741,지니어스,마이클 그랜다지,114247.0,8.11,5.4,8.12
20173601,리틀 프린세스 소피아: 엘레나와 비밀의 아발로 왕국,제이미 미첼,161374.0,8.73,0.0,8.69
20179662,파워레인져스: 더 비기닝,딘 이스라엘리트,143490.0,8.01,6.5,7.17
20174561,더 플랜,최진성,162471.0,9.82,6.5,8.86
20172125,파운더,존 리 행콕,137976.0,8.22,6.78,8.37
20173121,콜로설,나초 비갈론도,143499.0,7.5,5.8,5.19
20149317,가디언즈 오브 갤럭시,제임스 건,97857.0,8.64,7.96,8.56
20150971,해빙,이수연,137875.0,6.64,6.0,6.5
20161827,로건,제임스 맨골드,117787.0,8.93,7.55,9.06
20170241,23 아이덴티티,M. 나이트 샤말란,144927.0,7.94,6.5,7.66
20166421,재심,김태윤,149512.0,8.7,6.0,8.49
20161744,트롤,마이크 미첼,101904.0,8.81,5.5,8.71
20158799,눈길,이나정,134772.0,9.02,6.0,9.16
20150964,조작된 도시,박광현,127382.0,8.56,5.22,8.03
20165927,문라이트,배리 젠킨스,152684.0,8.4,7.89,8.07
20166468,사일런스,마틴 스콜세지,90922.0,8.72,7.0,8.25
20166101,존 윅 - 리로드,채드 스타헬스키,143932.0,8.73,7.0,7.97
20168183,콩: 스컬 아일랜드,조던 복트-로버츠,127397.0,8.12,6.17,7.76
20168750,파도가 지나간 자리,데릭 시엔프랜스,125417.0,8.93,6.0,9.01
20170509,극장판 소드 아트 온라인 -오디널 스케일-,이토 토모히코,159408.0,9.25,0.0,8.94
20167905,비정규직 특수요원,김덕수,152161.0,7.26,3.25,6.02
20178942,스페이스 비트윈 어스,피터 첼섬,143437.0,8.37,6.0,7.42
20170221,골드,스티븐 개건,143379.0,8.6,5.75,8.6
20168742,아우토반,에란 크리비,110379.0,7.72,4.0,7.74
20164926,분노,이상일,142730.0,8.77,7.33,8.57
20151228,공조,김성훈,142384.0,8.83,5.0,8.27
20151229,더 킹,한재림,144314.0,8.39,6.83,8.08
20168688,레지던트 이블: 파멸의 날,폴 W.S. 앤더슨,110333.0,8.59,6.0,8.38
20165443,모아나,론 클레멘츠,130849.0,9.22,6.4,9.15
20167324,라이언,가스 데이비스,134841.0,9.3,6.5,9.18
20168154,딥워터 호라이즌,피터 버그,137346.0,8.77,6.5,8.06
20167285,짱구는 못말려 극장판: 폭풍수면! 꿈꾸는 세계 대돌격,타카하시 와타루,149050.0,8.76,0.0,8.84
20163845,터닝메카드W: 블랙미러의 부활,김석원,155484.0,8.87,0.0,8.73
20179281,컨택트,드니 빌뇌브,136869.0,8.45,7.29,8.19
20165822,매기스 플랜,레베카 밀러,136859.0,8.07,6.86,7.91
20162873,레고 배트맨 무비,크리스 맥케이,132627.0,8.7,6.67,8.55
20154342,뚜르: 내 생애 최고의 49일,전일우,142304.0,9.51,6.2,9.23
20167644,발레리나,에릭 섬머,130984.0,8.95,0.0,8.52
20167716,트리플 엑스 리턴즈,D.J. 카루소,102278.0,8.18,0.0,6.99
20178881,명탐정 코난: 에피소드 원-작아진 명탐정,야마모토 야스이치로,158849.0,0.0,0.0,6.48
20161141,50가지 그림자: 심연,제임스 폴리,144081.0,7.77,2.25,7.42
20163580,그레이트 월,장예모,126034.0,7.92,4.5,6.44
20167362,더 큐어,고어 버빈스키,143372.0,7.33,6.2,7.25
20161366,"그래, 가족",마대윤,151192.0,9.26,4.5,8.33
20167906,마이펫 오지,알베르토 로드리게즈,157500.0,8.08,0.0,8.24
20161723,싱글라이더,이주영,146459.0,8.01,5.9,8.23
20156562,루시드 드림,김준성,130713.0,8.06,3.0,5.86
20167922,핵소 고지,멜 깁슨,142305.0,9.19,6.0,9.2
20161725,마스터,조의석,145162.0,8.65,5.77,8.1
20163183,로그 원: 스타워즈 스토리,가렛 에드워즈,136868.0,8.34,7.16,8.45
20162025,씽,가스 제닝스,144938.0,8.99,6.71,8.96
20144641,판도라,박정우,132933.0,8.78,5.92,8.3
20162727,루돌프와 많이있어,유야마 쿠니히코,153951.0,8.73,6.38,8.8
20162183,포켓몬 더 무비 XY&Z 「볼케니온 : 기계왕국의 비밀」,유야마 쿠니히코,152265.0,8.74,0.0,8.75
20152371,"당신, 거기 있어줄래요",홍지영,145292.0,8.8,5.44,8.69
20165285,극장판 도라에몽: 신 진구의 버스 오브 재팬,야쿠와 신노스케,141675.0,8.95,0.0,9.04
19890291,해리가 샐리를 만났을 때,롭 라이너,10250.0,7.75,8.5,8.91
20161763,"나, 다니엘 블레이크",켄 로치,150376.0,9.28,8.4,9.26
20163014,7년-그들이 없는 언론,김진혁,146526.0,9.48,6.0,8.51
20161084,패신저스,모튼 틸덤,116233.0,8.03,5.5,7.95
20150966,사랑하기 때문에,주지홍,140010.0,8.39,6.0,8.03
20165153,눈의 여왕 3: 눈과 불의 마법대결,알렉세이 트시칠린,156675.0,8.34,0.0,8.57
20151181,여교사,김태용,139673.0,7.31,6.78,6.61
20164421,어쌔신 크리드,저스틴 커젤,118307.0,7.29,5.67,7.1
20168381,얼라이드,로버트 저메키스,149777.0,8.58,6.5,8.86
20168324,반지의 제왕 : 반지원정대 (확장판),피터 잭슨,31794.0,0.0,0.0,9.28
20168664,반지의 제왕 : 두개의 탑 (확장판),피터 잭슨,31795.0,0.0,0.0,9.34
20163186,단지 세상의 끝,자비에 돌란,137958.0,7.66,6.9,7.46
20168689,반지의 제왕 : 왕의 귀환 (확장판),피터 잭슨,31796.0,0.0,0.0,9.37
20168366,바다 탐험대 옥토넛 시즌4: 바다 괴물 대소동,다라 오코넬,158266.0,8.3,0.0,8.27
